city,total_jobs,avg_jobs_per_month,avg_salary
New York,5441,45.34166666666667,86246.31773913842
Boston,5431,45.25833333333333,75994.54806810536
San Francisco,5427,45.225,87176.01449763849
Seattle,4261,35.50833333333333,76517.13583858509
Chicago,4181,34.84166666666667,71002.9937541089
Los Angeles,3036,25.3,71540.09964168421
Philadelphia,3036,25.3,65942.34173925419
Portland,3012,25.1,65779.63184139886
