job_title,total_jobs,avg_salary,cities_with_jobs
Data Analyst,8433,110633.84439028378,8
Product Manager,6565,88645.75888153631,8
Program Manager,5559,73887.16937893623,8
Civic Designer,4441,58953.07754670968,8
Policy Analyst,4430,59033.66662738961,8
UX Researcher,4397,58995.79551507952,8
