month_name,month_num,avg_jobs,avg_salary
January,1,90,128956.87268493933
February,2,66.5,132539.57042831462
March,3,63.5,121992.79912048951
April,4,73,134279.9422106473
May,5,60.5,125828.28034210252
June,6,62,137583.8675031555
July,7,59,118099.1032710881
August,8,71,128826.79748878581
September,9,112,134776.38976927847
October,10,74,128575.80139010679
November,11,43,125371.95730337407
December,12,42,140221.50754951875
